Workbook

Sheet Attività e Risorse
A1: ID Attività | B1: Nome Attività | C1: Durata Minima | D1: Durata Massima (Opzionale) | E1: Risorsa 1 | F1: Risorsa 2 | G1: Risorsa 3 | H1: Risorsa 4 | I1: Risorsa 5 | J1: Risorsa 6 | K1: Risorsa 7 | L1: Risorsa 8 | M1: Risorsa 9 | N1: Risorsa 10 | O1: Risorsa 11 | P1: Risorsa 12 | Q1: Risorsa 13
E2: 30 | F2: 20 | G2: 15
A3: =IF(B3<>"",COUNTA($B$3:B3),"") -> 1 | B3: Task 1 | C3: 6 | E3: 0 | F3: 8 | G3: 6
A4: =IF(B4<>"",COUNTA($B$3:B4),"") -> 2 | B4: Task 2 | C4: 7 | E4: 6 | F4: 5 | G4: 7
A5: =IF(B5<>"",COUNTA($B$3:B5),"") -> 3 | B5: Task 3 | C5: 4 | E5: 4 | F5: 7 | G5: 5
A6: =IF(B6<>"",COUNTA($B$3:B6),"") -> 4 | B6: Task 4 | C6: 6 | E6: 3 | F6: 8 | G6: 5
A7: =IF(B7<>"",COUNTA($B$3:B7),"") -> 5 | B7: Task 5 | C7: 1 | E7: 4 | F7: 7 | G7: 4
A8: =IF(B8<>"",COUNTA($B$3:B8),"") -> 6 | B8: Task 6 | C8: 8 | E8: 6 | F8: 0 | G8: 0
A9: =IF(B9<>"",COUNTA($B$3:B9),"") -> 7 | B9: Task 7 | C9: 3 | E9: 6 | F9: 8 | G9: 4
A10: =IF(B10<>"",COUNTA($B$3:B10),"") -> 8 | B10: Task 8 | C10: 9 | E10: 10 | F10: 0 | G10: 0
A11: =IF(B11<>"",COUNTA($B$3:B11),"") -> 9 | B11: Task 9 | C11: 2 | E11: 7 | F11: 6 | G11: 3
A12: =IF(B12<>"",COUNTA($B$3:B12),"") -> 10 | B12: Task 10 | C12: 12 | E12: 1 | F12: 5 | G12: 6
A13: =IF(B13<>"",COUNTA($B$3:B13),"")
A14: =IF(B14<>"",COUNTA($B$3:B14),"")
A15: =IF(B15<>"",COUNTA($B$3:B15),"")
A16: =IF(B16<>"",COUNTA($B$3:B16),"")
A17: =IF(B17<>"",COUNTA($B$3:B17),"")
A18: =IF(B18<>"",COUNTA($B$3:B18),"")
A19: =IF(B19<>"",COUNTA($B$3:B19),"")
A20: =IF(B20<>"",COUNTA($B$3:B20),"")
A21: =IF(B21<>"",COUNTA($B$3:B21),"")
A22: =IF(B22<>"",COUNTA($B$3:B22),"")
A23: =IF(B23<>"",COUNTA($B$3:B23),"")
A24: =IF(B24<>"",COUNTA($B$3:B24),"")
... A600: =IF(B600<>"",COUNTA($B$3:B600),"")

Sheet Date e Scadenze
A1: ID Attività | B1: Nome Attività | C1: Data di Rilascio Minima | D1: Data di Rilascio Massima | E1: Data di Scadenza Minima | F1: Data di Scadenza Massima
A2: =IF('Attività e Risorse'!A3<>"",'Attività e Risorse'!A3,"") -> 1 | B2: =IF('Attività e Risorse'!B3<>"",'Attività e Risorse'!B3,"") -> Task 1 | C2: 46153
A3: =IF('Attività e Risorse'!A4<>"",'Attività e Risorse'!A4,"") -> 2 | B3: =IF('Attività e Risorse'!B4<>"",'Attività e Risorse'!B4,"") -> Task 2 | C3: 46157
A4: =IF('Attività e Risorse'!A5<>"",'Attività e Risorse'!A5,"") -> 3 | B4: =IF('Attività e Risorse'!B5<>"",'Attività e Risorse'!B5,"") -> Task 3
A5: =IF('Attività e Risorse'!A6<>"",'Attività e Risorse'!A6,"") -> 4 | B5: =IF('Attività e Risorse'!B6<>"",'Attività e Risorse'!B6,"") -> Task 4
A6: =IF('Attività e Risorse'!A7<>"",'Attività e Risorse'!A7,"") -> 5 | B6: =IF('Attività e Risorse'!B7<>"",'Attività e Risorse'!B7,"") -> Task 5
A7: =IF('Attività e Risorse'!A8<>"",'Attività e Risorse'!A8,"") -> 6 | B7: =IF('Attività e Risorse'!B8<>"",'Attività e Risorse'!B8,"") -> Task 6 | E7: 46183
A8: =IF('Attività e Risorse'!A9<>"",'Attività e Risorse'!A9,"") -> 7 | B8: =IF('Attività e Risorse'!B9<>"",'Attività e Risorse'!B9,"") -> Task 7
A9: =IF('Attività e Risorse'!A10<>"",'Attività e Risorse'!A10,"") -> 8 | B9: =IF('Attività e Risorse'!B10<>"",'Attività e Risorse'!B10,"") -> Task 8 | C9: 46193
A10: =IF('Attività e Risorse'!A11<>"",'Attività e Risorse'!A11,"") -> 9 | B10: =IF('Attività e Risorse'!B11<>"",'Attività e Risorse'!B11,"") -> Task 9 | E10: 46214
A11: =IF('Attività e Risorse'!A12<>"",'Attività e Risorse'!A12,"") -> 10 | B11: =IF('Attività e Risorse'!B12<>"",'Attività e Risorse'!B12,"") -> Task 10 | E11: 46315
A12: =IF('Attività e Risorse'!A13<>"",'Attività e Risorse'!A13,"") | B12: =IF('Attività e Risorse'!B13<>"",'Attività e Risorse'!B13,"")
A13: =IF('Attività e Risorse'!A14<>"",'Attività e Risorse'!A14,"") | B13: =IF('Attività e Risorse'!B14<>"",'Attività e Risorse'!B14,"")
A14: =IF('Attività e Risorse'!A15<>"",'Attività e Risorse'!A15,"") | B14: =IF('Attività e Risorse'!B15<>"",'Attività e Risorse'!B15,"")
A15: =IF('Attività e Risorse'!A16<>"",'Attività e Risorse'!A16,"") | B15: =IF('Attività e Risorse'!B16<>"",'Attività e Risorse'!B16,"")
A16: =IF('Attività e Risorse'!A17<>"",'Attività e Risorse'!A17,"") | B16: =IF('Attività e Risorse'!B17<>"",'Attività e Risorse'!B17,"")
A17: =IF('Attività e Risorse'!A18<>"",'Attività e Risorse'!A18,"") | B17: =IF('Attività e Risorse'!B18<>"",'Attività e Risorse'!B18,"")
A18: =IF('Attività e Risorse'!A19<>"",'Attività e Risorse'!A19,"") | B18: =IF('Attività e Risorse'!B19<>"",'Attività e Risorse'!B19,"")
A19: =IF('Attività e Risorse'!A20<>"",'Attività e Risorse'!A20,"") | B19: =IF('Attività e Risorse'!B20<>"",'Attività e Risorse'!B20,"")
A20: =IF('Attività e Risorse'!A21<>"",'Attività e Risorse'!A21,"") | B20: =IF('Attività e Risorse'!B21<>"",'Attività e Risorse'!B21,"")
A21: =IF('Attività e Risorse'!A22<>"",'Attività e Risorse'!A22,"") | B21: =IF('Attività e Risorse'!B22<>"",'Attività e Risorse'!B22,"")
A22: =IF('Attività e Risorse'!A23<>"",'Attività e Risorse'!A23,"") | B22: =IF('Attività e Risorse'!B23<>"",'Attività e Risorse'!B23,"")
A23: =IF('Attività e Risorse'!A24<>"",'Attività e Risorse'!A24,"") | B23: =IF('Attività e Risorse'!B24<>"",'Attività e Risorse'!B24,"")
... A600: =IF('Attività e Risorse'!A601<>"",'Attività e Risorse'!A601,"") | B600: =IF('Attività e Risorse'!B601<>"",'Attività e Risorse'!B601,"")

Sheet Legami e Precedenze
A1: Attività Precedente | B1: Attività Successiva | C1: Tipo di Legame | D1: Distanza Minima (Lag temporale) | E1: Distanza Massima (Opzionale)
A2: Task 1 | B2: Task 2 | C2: Fine -> Inizio (Standard)
A3: Task 2 | B3: Task 3 | C3: Inizio -> Inizio
A4: Task 4 | B4: Task 5 | C4: Fine -> Inizio (Standard) | D4: 4 | E4: 5
A5: Task 6 | B5: Task 7 | C5: Fine -> Inizio (Standard)
A6: Task 8 | B6: Task 9 | C6: Inizio -> Inizio
A7: Task 9 | B7: Task 10 | C7: Fine -> Inizio (Standard)

Sheet Foglio3
A1: Colonna1
A2: Fine -> Inizio (Standard)
A3: Inizio -> Inizio
A4: Fine -> Fine
A5: Inizio -> Fine
